s1_id	s1_name	s1_address	target_id	target_name	target_address
S1-976369483	FUE Pgim Care	211 Dewey Road, IL, Rockton	S2-896291492	FUE Pgim Care LLC	211 DEWEY ROAD, ROCKTON, IL
S1-976369483	FUE Pgim Care	211 Dewey Road, IL, Rockton	S2-984109039	FUE PGIM	211 DEWEY RD, ROCKTON, IL
S1-976369483	FUE Pgim Care	211 Dewey Road, IL, Rockton	S2-546179661	FUE Care (Service)	IL, ROCKTON, 211 DEWEY RD
S1-976369483	FUE Pgim Care	211 Dewey Road, IL, Rockton	S3-960615760	FUE Pgim Ccae	211 Dwey Rd, Rockton, Illinois
S1-976369483	FUE Pgim Care	211 Dewey Road, IL, Rockton	S2-268873536	FUE PGIM CENTER	IL, 211 DEWEY RD, ROCKTON
S1-951599976	Unified Green Target LLC	1037 Cedar Grove Road, Halifax County, VA	S2-907629838	Unified Green Tbarget LLC	HALIFAX COUNTY, 1037. CEDAR GROVE RD, VA
S1-208973592	Morgan Ameren Inc	LA, 266 Enterprise Drive, Houma	S3-931413846	@morganameren	Bayou Cane, Louisiana, 267 Enterprise Drive
S1-208973592	Morgan Ameren Inc	LA, 266 Enterprise Drive, Houma	S2-481660181	INC MORGAN AEMBERN	266 ENTERPRISE DR, BAYOU CANE, LA
S1-630223771	All International LLP	Office 105, Flr-1, Sujata Chambers, Abhaychand Gandhi Marg, Mirchi Gully Masjid Stn Man, Dvi, Mumbai, Mumbai City, Maharashtra	S3-697578371	ऑल इंटरनेशनल एलएलपी	Office C-105, Mumbai (SUBURBAN), MH, Mumbai City
S1-630223771	All International LLP	Office 105, Flr-1, Sujata Chambers, Abhaychand Gandhi Marg, Mirchi Gully Masjid Stn Man, Dvi, Mumbai, Mumbai City, Maharashtra	S3-815538600	ऑल इंटरनेशनल एलएलपी	Office C-105, Mumbai Ii, MH
S1-630223771	All International LLP	Office 105, Flr-1, Sujata Chambers, Abhaychand Gandhi Marg, Mirchi Gully Masjid Stn Man, Dvi, Mumbai, Mumbai City, Maharashtra	S3-587424087	All LLP Center	Office C-105, Mumbai Ii, MH
S1-761874846	Murray & Cruz Inc	NM, 140 Villa Del Rio Loop, Sunland Park	S2-926079239	Murray & Cruz Cruz	140 VILLA DEL RIO LOOP, SUNLAND PARK, NM
S1-761874846	Murray & Cruz Inc	NM, 140 Villa Del Rio Loop, Sunland Park	S3-3574904	Murray & Cruz	Villa Del Rio Loop, Sunland PARK, New Mexico
S1-761874846	Murray & Cruz Inc	NM, 140 Villa Del Rio Loop, Sunland Park	S2-719023480	MURRAY & CRUZ INCORPORATED	140 VILLA DEL RIO LOOP, NM, SUNLAND PARK
S1-68201540	Marketing Balaji Label Limited	Kerala, 4Th Floor, Thiruvananthapuram, Capital Tower, Statue, Thiruvananthapuram, Trivandrum	S3-509801092	marketingbalajilabel.com	Capital Tower, Statue, Thiruvananthapuram, Trivandrum, കേരളം, #4Th Floor, Thiruvananthapuram
S1-846542666	Desert Sprott	1717 Cole Street, Killeen, TX	S3-229111159	Desert Spr0tt	1717 Cole Street, Killeen, Texas
S1-846542666	Desert Sprott	1717 Cole Street, Killeen, TX	S3-503257684	#desertsprott	Texas, 1717 Cole Street, Killeen
S1-846542666	Desert Sprott	1717 Cole Street, Killeen, TX	S2-896746887	XYLOMIRADREX	1717 COLE STREET, KILLEEN, TX
S1-483281264	Louisa's Group	599 Mountain Shadow Lane, Maryville, TN	S2-59557708	Louisa's LLC - 2082645296	599 1/2 MOUNTAIN SHADOW LANE, MARYVILLE, TN
S1-483281264	Louisa's Group	599 Mountain Shadow Lane, Maryville, TN	S2-639567176	Loluiass' Group	599 1/2 MOUNTAIN SHADOW LN, MARYVILLE, TN
S1-483281264	Louisa's Group	599 Mountain Shadow Lane, Maryville, TN	S3-246582348	Lrusir'S Group	599D Mountain Shadow Lane, PO Box 2895, Maryille, Tennessee
S1-973233920	Data Materials Networks	609 Hickory Street, Ottawa, KS	S3-792460305	Data Materials Service	09 Hickory Street, Otatwa, Kansas
S1-973233920	Data Materials Networks	609 Hickory Street, Ottawa, KS	S2-428307002	Data Materials Networks LLC	609 HICKORY STREET, OTTAWA, KS
S1-973233920	Data Materials Networks	609 Hickory Street, Ottawa, KS	S3-110090880	Data Networks Service	Hickory Street, Otatwa, Kansas
S1-19593330	FO Aktiengesellschaft Inc	3736 Riverdowns Drive N, Chesterfield County, VA	S2-200759904	FO Aktiengesellschaft	
S1-19593330	FO Aktiengesellschaft Inc	3736 Riverdowns Drive N, Chesterfield County, VA	S2-813554231	FO Aktiengesellschaft	
S1-576153543	Four Charitable Trust	334 Madhuban Apartment, Saket Nagar, Indore, Madhya Pradesh	S3-29955784	Four [Charitable]	Madhuban Apartment, Indore, MP
S1-576153543	Four Charitable Trust	334 Madhuban Apartment, Saket Nagar, Indore, Madhya Pradesh	S2-149416100	Four Trust (Charitable)	मध्य प्रदेश, 334/1 MADHUBAN APARTMENG, SAKET NAGAR, INDORE
S1-576153543	Four Charitable Trust	334 Madhuban Apartment, Saket Nagar, Indore, Madhya Pradesh	S3-323987800	Four-Trust Charitable	Madhuban Apartment, Indore, MP
S1-576153543	Four Charitable Trust	334 Madhuban Apartment, Saket Nagar, Indore, Madhya Pradesh	S2-563703169	CHARITABLE FOUR TRUST	H.NO 334/1 MADHUBAN APARTMENT, INDORE, Madhya Pradesh
