s1_id	s1_name	s1_address	target_id	target_name	target_address	name_score	address_score	combined_score
S1-283037826	Krishak Projects (India) Private Limited	Excelnetwork Links Private Limited Amin Road, Brahma Chowk, Kurukshetra, Haryana	S2-402987982	Dr Krishak Projects (India) Ventures Private Private Limited	DOOR NO 19 EXCELNETWORK LINKS PRIVATE LIMITED AMIN ROAD, BRAHMA CHOWK, KURUKSHETRA, Haryana	1.0	1.0	1.0
S1-429347904	Anand Assessors Limited	C/O Dhiraj Kr Choudhary, Surhachatti Sindhauli, Darbhanga, Bihar	S2-903873777	Anand Assessors Private Limited	NO 17 C/O DHIRAJ KR CHOUDHARY, SURHACHATTI SINDHAULI, DARBHANGA, Bihar	1.0	1.0	1.0
S1-27413199	Sp College	C/O Atarsingh S/O Ramcharan, Kaimari, Karauli Rajasthan, Nadoti, Karauli, Rajasthan	S3-78635633	Sp College Overseas Co	N/A, Nadoti, Door No 23 C/o Atarsingh S/o Ramcharan, Kaimari, Karauli Rajasthan, RJ	1.0	1.0	1.0
S1-978715611	Gayatri Welfare Society	Krishna Devi W/O Ram Surat Singh Vill Uran Tola, Sikarpur, Danapur, Patna, Bihar	S2-61701023	Gayatri Welfare-Society Enterprises	#25. KRISHNA DEVI W/O RAM SURAT SINGH VILL URAN TOLA, SIKARPUR, DANAPUR, PATNA, Bihar	1.0	1.0	1.0
S1-715926184	Patna Aids Group	Patna, Bihar, S/O-Sri Subhash Chandra Maharaj, Flat No.-301, Sidhi Vinayak Apartment, K, Hagual Roa, Saurav Kumar, Patna	S2-10530260	Pvt Patna Aids Group Ltd	71/4 SAURAV KUMAR, PATNA, S/O-SRI SUBHASH CHANDRA MAHARAJ, FLAT NO.-301, SIDHI VINAYAK APARTMENT, K, HAGUAL ROA, Bihar	1.0	1.0	1.0
S1-473785384	Atithi (India) Merch Private Limited	Kabaiya Road Lakhisarai, Lakhisarai, Munger, Bihar	S2-6349752	PRIVATE ATITHI (INDIA) MERCH EXPORTS LIMITED	LAKHISARAI, Bihar, MUNGER, NO 40 KABAIYA ROAD LAKHISARAI	1.0	1.0	1.0
S1-429944599	Vertex Lights	C/O Shankar Kumar, Panch Basti Sarsikan Vill Hedayatpurhaji Chak Tola Hedayatpur Haji Chak Dist Vaishali Block Chehra K, Mahuwa, Vaishali, Bihar	S2-41724502	Sri Vertex-Lights Holdings Holdings	#93 C/O SHANKAR KUMAR, PANCH BASTI SARSIKAN VILL HEDAYATPURHAJI CHAK TOLA HEDAYATPUR HAJI CHAK DIST VAISHALI BLOCK CHEHRA K, MAHUWA, Bihar	1.0	1.0	1.0
S1-405462160	Arora Sports (India) Private Limited	B-3, 6-3-1090 Tsr Towers, Rajbhavan Road, Somajiguda, Hyderabad, Telangana	S2-788468094	Arora Private (India) Ventures Sports Limited	B-6, 6-3-1090 TSR TOWERS, RAJBHAVAN ROAD, SOMAJIGUDA, HYDERABAD, Telangana	1.0	1.0	1.0
S1-974781022	Trading Dhana Securities Mainpuri	Gadiya Sansarpur Bhongaon, Mainpuri, Uttar Pradesh	S2-30658934	Trading Dhana Securities Mainpuri Holdings	NO 8 GADIYA SANSARPUR BHONGAON, MAINPURI, Uttar Pradesh	1.0	1.0	1.0
S1-873411427	Swastik Foundation Pvt Ltd	Smart Avenu, 4Thfloor, 28/A, Michaelpalaya, Indiranagar, Bangalore North, Bangalore, Karnataka	S2-572526267	Swastik Foundation General Pvt Ltd	8-43 SMART AVENU, 4THFLOOR, 28/A, MICHAELPALAYA, INDIRANAGAR, BANGALORE NORTH, NULL, Karnataka	1.0	1.0	1.0
S1-856255101	Latitude Ls Pvt. Ltd.	D.No:4-2-5/4, 1St Lane Ramannapeta, Guntur, Andhra Pradesh	S2-23667975	Pvt. Latitude Ls Ventures Ltd.	D.NO:4-2-5/6, 1ST LANE RAMANNAPETA, GUNTUR, LAKSHMIPURAM, Andhra Pradesh	1.0	1.0	1.0
S1-205025464	Swastik Systems	R/O C/O Dusmanta Padhi At Bhusal Po Bhusal Dist- Dhenkanal, Dhenkanal, Orissa	S2-983236473	Swastik Systems General Cómpany	DOOR NO #22 R/O C/O DUSMANTA PADHI AT BHUSAL PO BHUSAL DIST- DHENKANAL, DHENKANAL, Orissa	1.0	1.0	1.0
S1-872156850	Janpragati Public School	C/O Azim Bux, Ward No-27, Bhadar Ji Velal Sardarsehar (M), Churu, Rajasthan	S2-35852630	Janpragati Public-School Exports	NO B3/81 C/O AZIM BUX, WARD NO-27, BHADAR JI VELAL SARDARSEHAR (M), CHURU, Rajasthan	1.0	1.0	1.0
S1-690016838	White Construction Private Limited	At Ramunibandha Streetpo Berhampur, Orissa.Ganjam, Ganjam, Orissa	S3-299003059	WHITE CONSTRUCTION GENERAL PRIVATE LIMITED	No 2-89 At Ramunibandha Streetpo Berhampur, Orissa.ganjam, OD	1.0	1.0	1.0
S1-166627824	Subham & Co	3-40/2/A, Janbad Thanda, Khammam, Telangana	S2-406996154	Subham & Co Exports	3-40/3/A, JANBAD THANDA, KHAMMAM, Telangana	1.0	1.0	1.0
S1-997439822	Conifer Exim Pvt Ltd	C/O Ram Chandra Sahani, Baisaha, Chakia(Pipra), Chakia(Pipra), East Champaran, Bihar	S2-559081555	Pvt Conifer Exim Overseas Ltd.	NO 11 C/O RAM CHANDRA SAHANI, BAISAHA, CHAKIA(PIPRA), CHAKIA(PIPRA), EAST CHAMPARAN, Bihar	1.0	1.0	1.0
S1-412483448	Lbs & Co	Near Village Ghata, 26, Dharamvirs House Sector 55, Gurgaon, Haryana	S2-888381805	Lbs Co Limited Center	NO A-41 NEAR VILLAGE GHATA, 26, DHARAMVIRS HOUSE SECTOR 55, GURGAON, Haryana	1.0	1.0	1.0
S1-668867568	Eight Public School Pvt Ltd	Vill & Post - Bhathat Bazar Sadar, Gorakhpur, Uttar Pradesh	S2-470558718	Eight Public School Holdings Pvt Ltd	#21 VILL & POST - BHATHAT BAZAR SADAR, GORAKHPUR, Uttar Pradesh	1.0	1.0	1.0
S1-398040798	Products Modline Restaurants	Banashankari Temple Complex, Sapar Galli, M.Vadagaon, Belgaum, Karnataka	S2-474692551	Products Modline Restaurants Ventures Limited (ID: 76467)	NO 4 BANASHANKARI TEMPLE COMPLEX, SAPAR GALLI, M.VADAGAON, BELGAUM, Karnataka	1.0	1.0	1.0
S1-777960485	Tirupati Technologies Private Limited	C/O Kailash, 00349, Danopur, Deoria, Deoria Sadar, Deoria, Uttar Pradesh	S2-824473430	Tirupati Technologies Foods Private Limited	NO 18 C/O KAILASH, 00349, DANOPUR, DEORIA, DEORIA SADAR, Uttar Pradesh	1.0	1.0	1.0
S1-858920212	Bareilly Lifestyle Corp	Pakka Katra Kasva Aonla Gokul Dham Clny, Bareilly, C/O Rashmi Sharma Mohalla Bhurji Tola, Uttar Pradesh	S2-673431473	Bareilly Lifestyle Enterprises Corp	H.NO 30 C/O RASHMI SHARMA MOHALLA BHURJI TOLA, PAKKA KATRA KASVA AONLA GOKUL DHAM CLNY, BAREILLY, Uttar Pradesh	1.0	1.0	1.0
S1-79546231	Power Trust	M/S Vishal Mehra Nrk Chemical Bando Rd, Ranjit Avenue, Amritsar, Amritsar, Punjab	S2-315495484	Power Trust Enterprises Co	NO 30 M/S VISHAL MEHRA NRK CHEMICAL BANDO RD, RANJIT AVENUE, AMRITSAR, AMRITSAR, Punjab	1.0	1.0	1.0
S1-484891679	Durga Services (India) Pvt Ltd	Nechooli House, Mandoli Paramba, Kaloor Road, Po. Mankave Kozhikode, Kozhikode, Kerala	S2-311300607	Durga Services (India) Industries Pvt Ltd	#054 NECHOOLI HOUSE, MANDOLI PARAMBA, KALOOR ROAD, PO. MANKAVE KOZHIKODE, KOZHIKODE, Kerala	1.0	1.0	1.0
S1-607738685	Qubic & Co Ltd	Ugf Nbcc Place Bhishma Pitamah Marg, New Delhi, South Delhi, Delhi	S3-85347775	Qubic & Co Enterprises Ltd	No G-93 Ugf Nbcc Place Bhishma Pitamah Marg, New Delhi, South Delhi, दिल्ली	1.0	1.0	1.0
S1-482952386	Cas & Co	Timber Marketimam Bara Karnal, Haryana, Karnal, Haryana	S3-168129535	Cas & Co Exports	HR, No #98 Timber Marketimam Bara Karnal, Karnal, Haryana	1.0	1.0	1.0
S1-570222954	NF Saw Corp	C/O. Sri Ram Siwak Singh, Ajanta Co-Op Rajiv Nagar, Road No - 2, Patliputra, Patna, Bihar	S2-79009478	NF Saw Industries Corp	Bihar, NO 7 C/O. SRI RAM SIWAK SINGH, AJANTA CO-OP RAJIV NAGAR, ROAD NO - 2, PATLIPUTRA, PATNA	1.0	1.0	1.0
S1-390300806	Raj Trade	At Post Kokangaon Tal Niphad Dist Nashik, Nashik, Maharashtra	S2-126886471	Raj Trade Infratech	DOOR NO 88 AT POST KOKANGAON TAL NIPHAD DIST NASHIK, NASHIK, Maharashtra	1.0	1.0	1.0
S1-762305294	Jmr Brothers Pvt Ltd	C/O, Dilip Kumar Deb, Khagrabari. Cooch Behar, Cooch Behar - Ii, Cooch Behar, West Bengal	S2-515071323	Jmr Brothers Group Pvt Ltd	NO 5-67 C/O, DILIP KUMAR DEB, KHAGRABARI. COOCH BEHAR, COOCH BEHAR - II, West Bengal	1.0	1.0	1.0
S1-507958571	Al New Ventures Private Limited	V Building, Flat No. 011, Forest Country Society, S.No. 40, 41 And 59, Near Eon It Park, Kh, Aradi, Pune, Maharashtra	S2-699520080	Al New Ventures Jewellers Private Limited	NO 57 V BUILDING, FLAT NO. 011, FOREST COUNTRY SOCIETY, S.NO. 40, 41 AND 59, NEAR EON IT PARK, KH, ARADI, PUNE, Maharashtra	1.0	1.0	1.0
S1-128057935	Gal & Co	Madhavnagar Road, Shivaji Housing Society, Plot No 81/82, Vasantdada S S K Ltd, Sangli, Maharashtra	S2-720775338	Gal  Co Group Partners	H.NO 17 MADHAVNAGAR ROAD, SHIVAJI HOUSING SOCIETY, PLOT NO 81/82, VASANTDADA S S K LTD, SANGLI, Maharashtra	1.0	1.0	1.0
